{"_type":"export","__export_format":4,"__export_date":"2020-08-31T02:05:28.266Z","__export_source":"insomnia.desktop.app:v2020.3.3","resources":[{"_id":"req_3878ba97b58e41649356290e2d041b03","authentication":{},"body":{"mimeType":"application/json","text":"{\n\t\"username\": \"admin\",\n\t\"password\": \"fakeapi\"\n}"},"created":1598160136136,"description":"","headers":[{"id":"pair_13c90b40a2da4594bfb222ac7a2b7f78","name":"Content-Type","value":"application/json"}],"isPrivate":false,"metaSortKey":-1598160136236,"method":"POST","modified":1598837182912,"name":"/auth","parameters":[],"parentId":"fld_35c83a8efc45480a854d5fc0a3791118","settingDisableRenderRequestBody":false,"settingEncodeUrl":true,"settingFollowRedirects":"global","settingRebuildPath":true,"settingSendCookies":true,"settingStoreCookies":true,"url":"https://fake-api-helper.herokuapp.com/auth","_type":"request"},{"_id":"fld_35c83a8efc45480a854d5fc0a3791118","created":1598160959903,"description":"","environment":{},"environmentPropertyOrder":null,"metaSortKey":-1598160959903,"modified":1598160959903,"name":"Auth","parentId":"fld_15a8d8b959404d12ba88ac928730567e","_type":"request_group"},{"_id":"fld_15a8d8b959404d12ba88ac928730567e","created":1598159049450,"description":"","environment":{},"environmentPropertyOrder":null,"metaSortKey":-1598159049550,"modified":1598839440687,"name":"Fake API helper v0.0.1","parentId":"wrk_0959989bfe37478fbe981e4c1f430315","_type":"request_group"},{"_id":"wrk_0959989bfe37478fbe981e4c1f430315","created":1574571366506,"description":"","modified":1574571366506,"name":"Insomnia","parentId":null,"scope":null,"_type":"workspace"},{"_id":"req_5faf50e205c446c68df6fd0a5190a87a","authentication":{},"body":{"mimeType":"application/json","text":"{\n\t\"username\": \"admin\",\n\t\"password\": \"fakeapi\",\n\t\"fakeApi\": {\n\t\t\"errStatus\": 404,\n\t\t\"errMessage\": \"error message\"\n\t}\n}"},"created":1598837157672,"description":"","headers":[{"id":"pair_13c90b40a2da4594bfb222ac7a2b7f78","name":"Content-Type","value":"application/json"}],"isPrivate":false,"metaSortKey":-1598160075874.5,"method":"POST","modified":1598838838595,"name":"/auth (error)","parameters":[],"parentId":"fld_35c83a8efc45480a854d5fc0a3791118","settingDisableRenderRequestBody":false,"settingEncodeUrl":true,"settingFollowRedirects":"global","settingRebuildPath":true,"settingSendCookies":true,"settingStoreCookies":true,"url":"https://fake-api-helper.herokuapp.com/auth","_type":"request"},{"_id":"req_58536c4c5f7644d4930c8b11d7bba61d","authentication":{},"body":{},"created":1598203791308,"description":"","headers":[],"isPrivate":false,"metaSortKey":-1598203963886.75,"method":"GET","modified":1598838876183,"name":"/open","parameters":[],"parentId":"fld_47493edce99c49cfbe595f84bba8d2c0","settingDisableRenderRequestBody":false,"settingEncodeUrl":true,"settingFollowRedirects":"global","settingRebuildPath":true,"settingSendCookies":true,"settingStoreCookies":true,"url":"https://fake-api-helper.herokuapp.com/open","_type":"request"},{"_id":"fld_47493edce99c49cfbe595f84bba8d2c0","created":1598203773203,"description":"","environment":{},"environmentPropertyOrder":null,"metaSortKey":-1598160959878,"modified":1598203783756,"name":"Open","parentId":"fld_15a8d8b959404d12ba88ac928730567e","_type":"request_group"},{"_id":"req_fc96ec6a4e4b4e75bd573022b7e7afa0","authentication":{},"body":{},"created":1598838435730,"description":"","headers":[{"description":"","id":"pair_aba5d6bb32a544468f29da57be0f5c09","name":"Authorization","value":"Bearer eyJhbGciOiJIUzI1NiIsInR5cCI6IkpXVCJ9.eyJpZCI6ImFkbWluSWQiLCJyb2xlIjoiYWRtaW4iLCJpYXQiOjE1OTgzMTY1NTJ9.ubI0djsa0tTIJ7HSZzNSejrROAWPkQbTKqYRUrKqeNo"}],"isPrivate":false,"metaSortKey":-1598194753394.0625,"method":"PUT","modified":1598839021919,"name":"/open (auth)","parameters":[],"parentId":"fld_47493edce99c49cfbe595f84bba8d2c0","settingDisableRenderRequestBody":false,"settingEncodeUrl":true,"settingFollowRedirects":"global","settingRebuildPath":true,"settingSendCookies":true,"settingStoreCookies":true,"url":"https://fake-api-helper.herokuapp.com/open","_type":"request"},{"_id":"req_d3f6c09a00594481808e61973df94659","authentication":{},"body":{"mimeType":"application/json","text":"{\n\t\"fakeApi\": {\n\t\t\"errStatus\": 503,\n\t\t\"errMessage\": \"error message\"\n\t}\n}"},"created":1598837115243,"description":"","headers":[{"description":"","id":"pair_69c526e54a3f4185ade2928bd9f15cf7","name":"Authorization","value":"Bearer eyJhbGciOiJIUzI1NiIsInR5cCI6IkpXVCJ9.eyJpZCI6ImFkbWluSWQiLCJyb2xlIjoiYWRtaW4iLCJpYXQiOjE1OTgzMTY1NTJ9.ubI0djsa0tTIJ7HSZzNSejrROAWPkQbTKqYRUrKqeNo"},{"id":"pair_017a17b2ce7c4888bcb1d173144d6239","name":"Content-Type","value":"application/json"}],"isPrivate":false,"metaSortKey":-1598185542901.375,"method":"PATCH","modified":1598839018246,"name":"/open (error)","parameters":[],"parentId":"fld_47493edce99c49cfbe595f84bba8d2c0","settingDisableRenderRequestBody":false,"settingEncodeUrl":true,"settingFollowRedirects":"global","settingRebuildPath":true,"settingSendCookies":true,"settingStoreCookies":true,"url":"https://fake-api-helper.herokuapp.com/open","_type":"request"},{"_id":"req_9df4d7826b094fd88372a25c4c17c59c","authentication":{},"body":{},"created":1598164914119,"description":"","headers":[{"description":"","id":"pair_83942f5af7e64b7cb3d14bd4b1d832c4","name":"Authorization","value":"Bearer eyJhbGciOiJIUzI1NiIsInR5cCI6IkpXVCJ9.eyJpZCI6ImFkbWluSWQiLCJyb2xlIjoiYWRtaW4iLCJpYXQiOjE1OTgzMTY1NTJ9.ubI0djsa0tTIJ7HSZzNSejrROAWPkQbTKqYRUrKqeNo"}],"isPrivate":false,"metaSortKey":-1598167121866,"method":"DELETE","modified":1598839014350,"name":"/secure","parameters":[],"parentId":"fld_b19c9bd2d42d4c46b5477c275806a7ec","settingDisableRenderRequestBody":false,"settingEncodeUrl":true,"settingFollowRedirects":"global","settingRebuildPath":true,"settingSendCookies":true,"settingStoreCookies":true,"url":"https://fake-api-helper.herokuapp.com/secure","_type":"request"},{"_id":"fld_b19c9bd2d42d4c46b5477c275806a7ec","created":1598164656812,"description":"","environment":{},"environmentPropertyOrder":null,"metaSortKey":-1598160959853,"modified":1598164660532,"name":"Secure","parentId":"fld_15a8d8b959404d12ba88ac928730567e","_type":"request_group"},{"_id":"req_ac39becb1b2544f6940430b093ccef8d","authentication":{},"body":{"mimeType":"application/json","text":"{\n\t\"fakeApi\": {\n\t\t\"errStatus\": 403,\n\t\t\"errMessage\": \"error message\"\n\t}\n}"},"created":1598167075207,"description":"","headers":[{"description":"","id":"pair_6f96b59bb1934be6a364adc19f4497e2","name":"Authorization","value":"Bearer eyJhbGciOiJIUzI1NiIsInR5cCI6IkpXVCJ9.eyJpZCI6ImFkbWluSWQiLCJyb2xlIjoiYWRtaW4iLCJpYXQiOjE1OTgzMTY1NTJ9.ubI0djsa0tTIJ7HSZzNSejrROAWPkQbTKqYRUrKqeNo"},{"id":"pair_df18968896c54093bc45fde7fd03ef77","name":"Content-Type","value":"application/json"}],"isPrivate":false,"metaSortKey":-1598167121816,"method":"OPTIONS","modified":1598839126960,"name":"/secure (error)","parameters":[],"parentId":"fld_b19c9bd2d42d4c46b5477c275806a7ec","settingDisableRenderRequestBody":false,"settingEncodeUrl":true,"settingFollowRedirects":"global","settingRebuildPath":true,"settingSendCookies":true,"settingStoreCookies":true,"url":"https://fake-api-helper.herokuapp.com/secure","_type":"request"},{"_id":"env_f67e133a5740e816bc1073aa824998fe75337c29","color":null,"created":1574571366577,"data":{},"dataPropertyOrder":null,"isPrivate":false,"metaSortKey":1574571366577,"modified":1574571366577,"name":"Base Environment","parentId":"wrk_0959989bfe37478fbe981e4c1f430315","_type":"environment"},{"_id":"jar_f67e133a5740e816bc1073aa824998fe75337c29","cookies":[{"creation":"2020-03-22T05:00:17.139Z","domain":"exchangeratesapi.io","expires":"2020-04-21T05:00:17.000Z","extensions":["SameSite=Lax"],"hostOnly":false,"httpOnly":true,"id":"507861282648703","key":"__cfduid","lastAccessed":"2020-03-22T05:00:17.139Z","path":"/","value":"d6cfaeb82e45cda2d512787f8579591881584853217"},{"creation":"2020-03-22T05:59:44.483Z","domain":"robohash.org","expires":"2020-04-21T05:59:44.000Z","extensions":["SameSite=Lax"],"hostOnly":false,"httpOnly":true,"id":"33465326248755245","key":"__cfduid","lastAccessed":"2020-03-22T05:59:44.483Z","path":"/","secure":true,"value":"d3ca09bb9d191dba1674a4c649562df731584856784"},{"creation":"2020-03-22T22:16:41.401Z","domain":"coingecko.com","expires":"2020-04-21T22:16:40.000Z","extensions":["SameSite=Lax"],"hostOnly":false,"httpOnly":true,"id":"7172721343543811","key":"__cfduid","lastAccessed":"2020-03-22T22:16:41.401Z","path":"/","value":"da08bae61e7ff806016290e499d6222f31584915400"},{"creation":"2020-08-01T22:09:42.576Z","domain":"deckofcardsapi.com","expires":"2020-08-31T22:09:41.000Z","extensions":["SameSite=Lax"],"hostOnly":false,"httpOnly":true,"id":"22183151081039587","key":"__cfduid","lastAccessed":"2020-08-01T22:09:42.576Z","path":"/","value":"d7d82084716450ce38d76f850f6c4772f1596319781"},{"creation":"2020-08-02T01:52:18.530Z","domain":"ipinfo.io","expires":"1970-01-01T00:00:00.000Z","hostOnly":true,"id":"8325976347555344","key":"flash","lastAccessed":"2020-08-02T01:52:18.530Z","path":"/"},{"creation":"2020-08-22T21:39:50.587Z","domain":"upcdatabase.org","expires":"2020-08-29T21:39:50.000Z","hostOnly":false,"id":"24663491433696416","key":"upcdatabaseorg","lastAccessed":"2020-08-22T21:39:50.587Z","maxAge":604800,"path":"/","value":"ithvuh5seqkc9p4rogd01u2li6"}],"created":1574571366584,"modified":1598132390588,"name":"Default Jar","parentId":"wrk_0959989bfe37478fbe981e4c1f430315","_type":"cookie_jar"},{"_id":"spc_4dac4d52cb024850ae5c4954143175d8","contentType":"yaml","contents":"","created":1596394560618,"fileName":"Insomnia","modified":1596394560618,"parentId":"wrk_0959989bfe37478fbe981e4c1f430315","_type":"api_spec"}]}