{"_type":"export","__export_format":4,"__export_date":"2020-09-13T08:34:40.322Z","__export_source":"insomnia.desktop.app:v2020.3.3","resources":[{"_id":"req_a66f53488952467684908226a48c1319","authentication":{},"body":{"mimeType":"application/json","text":"{\n\t\"username\": \"admin\",\n\t\"password\": \"fakeapi\",\n\t\"fakeStatus\": {\n\t\t\"code\": null,\n\t\t\"message\": \"\"\n\t}\n}"},"created":1599967626359,"description":"","headers":[{"id":"pair_2375cf710b894157ac959e49498b74b2","name":"Content-Type","value":"application/json"}],"isPrivate":false,"metaSortKey":-1599967626359,"method":"POST","modified":1599967671272,"name":"/auth","parameters":[],"parentId":"fld_1805744f26a047408710c751e9694a9d","settingDisableRenderRequestBody":false,"settingEncodeUrl":true,"settingFollowRedirects":"global","settingRebuildPath":true,"settingSendCookies":true,"settingStoreCookies":true,"url":"https://fake-api-helper.herokuapp.com/auth","_type":"request"},{"_id":"fld_1805744f26a047408710c751e9694a9d","created":1599967561939,"description":"","environment":{},"environmentPropertyOrder":null,"metaSortKey":-1599967604486,"modified":1599967608973,"name":"Auth","parentId":"fld_71d0ba0953c147e18973a65e240a1cfe","_type":"request_group"},{"_id":"fld_71d0ba0953c147e18973a65e240a1cfe","created":1599967525064,"description":"","environment":{},"environmentPropertyOrder":null,"metaSortKey":-1599967525064,"modified":1599967525064,"name":"Fake API helper v0.1.0","parentId":"wrk_0959989bfe37478fbe981e4c1f430315","_type":"request_group"},{"_id":"wrk_0959989bfe37478fbe981e4c1f430315","created":1574571366506,"description":"","modified":1574571366506,"name":"Insomnia","parentId":null,"scope":null,"_type":"workspace"},{"_id":"req_20d358b31ce244b188eb11fe3b240dba","authentication":{},"body":{},"created":1599967735024,"description":"","headers":[{"description":"","disabled":true,"id":"pair_f79ac76fbaa340b5afdfb4ea181ac367","name":"Authorization","value":"Bearer token"}],"isPrivate":false,"metaSortKey":-1599967735024,"method":"GET","modified":1599967804103,"name":"/mock/users","parameters":[{"description":"","disabled":true,"id":"pair_e7a1c396213d4023a7f3385bc590c0cf","name":"page","value":"1"},{"description":"","disabled":true,"id":"pair_0e273fd462994c709f2ad59fbaeda016","name":"count","value":"10"}],"parentId":"fld_e21634c15b1143f5bd608295f9d92688","settingDisableRenderRequestBody":false,"settingEncodeUrl":true,"settingFollowRedirects":"global","settingRebuildPath":true,"settingSendCookies":true,"settingStoreCookies":true,"url":"https://fake-api-helper.herokuapp.com/mock/users","_type":"request"},{"_id":"fld_e21634c15b1143f5bd608295f9d92688","created":1599967567540,"description":"","environment":{},"environmentPropertyOrder":null,"metaSortKey":-1599967604461,"modified":1599967611211,"name":"Mock","parentId":"fld_71d0ba0953c147e18973a65e240a1cfe","_type":"request_group"},{"_id":"req_1921715960914c279737768585da3d0e","authentication":{},"body":{},"created":1599967854005,"description":"","headers":[{"description":"","disabled":true,"id":"pair_f79ac76fbaa340b5afdfb4ea181ac367","name":"Authorization","value":"Bearer token"}],"isPrivate":false,"metaSortKey":-1599967680691.5,"method":"GET","modified":1599967861316,"name":"/mock/items","parameters":[{"description":"","disabled":true,"id":"pair_e7a1c396213d4023a7f3385bc590c0cf","name":"page","value":"1"},{"description":"","disabled":true,"id":"pair_0e273fd462994c709f2ad59fbaeda016","name":"count","value":"10"}],"parentId":"fld_e21634c15b1143f5bd608295f9d92688","settingDisableRenderRequestBody":false,"settingEncodeUrl":true,"settingFollowRedirects":"global","settingRebuildPath":true,"settingSendCookies":true,"settingStoreCookies":true,"url":"https://fake-api-helper.herokuapp.com/mock/items","_type":"request"},{"_id":"req_040a1a197eea40699c7a154a93115387","authentication":{},"body":{},"created":1599982971749,"description":"","headers":[{"description":"","disabled":true,"id":"pair_f79ac76fbaa340b5afdfb4ea181ac367","name":"Authorization","value":"Bearer token"}],"isPrivate":false,"metaSortKey":-1599967653525.25,"method":"GET","modified":1599983091122,"name":"/mock/custom","parameters":[{"description":"","disabled":false,"id":"pair_e7a1c396213d4023a7f3385bc590c0cf","name":"path","value":"DontPadFolder"}],"parentId":"fld_e21634c15b1143f5bd608295f9d92688","settingDisableRenderRequestBody":false,"settingEncodeUrl":true,"settingFollowRedirects":"global","settingRebuildPath":true,"settingSendCookies":true,"settingStoreCookies":true,"url":"https://fake-api-helper.herokuapp.com/mock/custom","_type":"request"},{"_id":"req_5bccdba8b8894065aac705fe89ce5594","authentication":{},"body":{"mimeType":"multipart/form-data","params":[{"id":"pair_22395e7f2e4c4eb4a5d198d967c3e331","name":"file","type":"file","value":""}]},"created":1599967894520,"description":"","headers":[{"disabled":true,"id":"pair_9c9b40f50cb344a686bcf16c46f85212","name":"Authorization","value":"Bearer token"},{"description":"","id":"pair_681856d6f1dd43a7b90ff43231a0df36","name":"Content-Type","value":"multipart/form-data"}],"isPrivate":false,"metaSortKey":-1599967894520,"method":"POST","modified":1599968062771,"name":"/file/upload","parameters":[],"parentId":"fld_31a835795ca24c0c87b1139cf67e7951","settingDisableRenderRequestBody":false,"settingEncodeUrl":true,"settingFollowRedirects":"global","settingRebuildPath":true,"settingSendCookies":true,"settingStoreCookies":true,"url":"https://fake-api-helper.herokuapp.com/file/upload","_type":"request"},{"_id":"fld_31a835795ca24c0c87b1139cf67e7951","created":1599967604436,"description":"","environment":{},"environmentPropertyOrder":null,"metaSortKey":-1599967604436,"modified":1599967604436,"name":"File","parentId":"fld_71d0ba0953c147e18973a65e240a1cfe","_type":"request_group"},{"_id":"env_f67e133a5740e816bc1073aa824998fe75337c29","color":null,"created":1574571366577,"data":{},"dataPropertyOrder":null,"isPrivate":false,"metaSortKey":1574571366577,"modified":1574571366577,"name":"Base Environment","parentId":"wrk_0959989bfe37478fbe981e4c1f430315","_type":"environment"},{"_id":"jar_f67e133a5740e816bc1073aa824998fe75337c29","cookies":[{"creation":"2020-03-22T05:00:17.139Z","domain":"exchangeratesapi.io","expires":"2020-10-01T01:35:58.000Z","extensions":["SameSite=Lax"],"hostOnly":false,"httpOnly":true,"id":"47373966777280274","key":"__cfduid","lastAccessed":"2020-09-01T01:35:58.947Z","path":"/","value":"d2094e69d9e6c5d81028c499730cb12171598924158"},{"creation":"2020-03-22T05:59:44.483Z","domain":"robohash.org","expires":"2020-04-21T05:59:44.000Z","extensions":["SameSite=Lax"],"hostOnly":false,"httpOnly":true,"id":"7656345552653148","key":"__cfduid","lastAccessed":"2020-03-22T05:59:44.483Z","path":"/","secure":true,"value":"d3ca09bb9d191dba1674a4c649562df731584856784"},{"creation":"2020-03-22T22:16:41.401Z","domain":"coingecko.com","expires":"2020-04-21T22:16:40.000Z","extensions":["SameSite=Lax"],"hostOnly":false,"httpOnly":true,"id":"8888844737128647","key":"__cfduid","lastAccessed":"2020-03-22T22:16:41.401Z","path":"/","value":"da08bae61e7ff806016290e499d6222f31584915400"},{"creation":"2020-08-01T22:09:42.576Z","domain":"deckofcardsapi.com","expires":"2020-08-31T22:09:41.000Z","extensions":["SameSite=Lax"],"hostOnly":false,"httpOnly":true,"id":"20098020934679028","key":"__cfduid","lastAccessed":"2020-08-01T22:09:42.576Z","path":"/","value":"d7d82084716450ce38d76f850f6c4772f1596319781"},{"creation":"2020-08-02T01:52:18.530Z","domain":"ipinfo.io","expires":"1970-01-01T00:00:00.000Z","hostOnly":true,"id":"9167060301935115","key":"flash","lastAccessed":"2020-08-02T01:52:18.530Z","path":"/"},{"creation":"2020-08-22T21:39:50.587Z","domain":"upcdatabase.org","expires":"2020-08-29T21:39:50.000Z","hostOnly":false,"id":"7218309646757588","key":"upcdatabaseorg","lastAccessed":"2020-08-22T21:39:50.587Z","maxAge":604800,"path":"/","value":"ithvuh5seqkc9p4rogd01u2li6"}],"created":1574571366584,"modified":1598924158948,"name":"Default Jar","parentId":"wrk_0959989bfe37478fbe981e4c1f430315","_type":"cookie_jar"},{"_id":"spc_4dac4d52cb024850ae5c4954143175d8","contentType":"yaml","contents":"","created":1596394560618,"fileName":"Insomnia","modified":1596394560618,"parentId":"wrk_0959989bfe37478fbe981e4c1f430315","_type":"api_spec"}]}